,0_RANK,0_UPTAKE,1_RANK,1_UPTAKE,2_RANK,2_UPTAKE,3_RANK,3_UPTAKE,4_RANK,4_UPTAKE,5_RANK,5_UPTAKE,8_RANK,8_UPTAKE,11_RANK,11_UPTAKE,12_RANK,12_UPTAKE,16_RANK,16_UPTAKE,17_RANK,17_UPTAKE,24_RANK,24_UPTAKE,25_RANK,25_UPTAKE,6_RANK,6_UPTAKE,63_RANK,63_UPTAKE
0,CTX_ROSTRALMIDDLEFRONTAL_change,0.13045029100305655,CTX_PERICALCARINE_change,0.06615432285537767,CTX_FRONTALPOLE_change,0.07194341530619532,CTX_FRONTALPOLE_change,0.07615871185142845,CTX_PERICALCARINE_change,0.08153099645292178,CTX_LINGUAL_change,0.15954176140115953,CTX_PARSORBITALIS_change,0.027492479856386837,CTX_CUNEUS_change,0.02034166969632555,CTX_BANKSSTS_change,,CTX_TRANSVERSETEMPORAL_change,0.02463265806466761,CTX_FRONTALPOLE_change,0.07055848423394259,CTX_FRONTALPOLE_change,0.018599535780998606,CTX_CAUDALMIDDLEFRONTAL_change,0.07119178721580473,CEREBELLUM_WHITE_MATTER_change,0.017884523647348764,CTX_PRECENTRAL_change,0.004851830512890324
1,CTX_PARSTRIANGULARIS_change,0.12636755352666743,CTX_FRONTALPOLE_change,0.06583379478393504,CTX_TRANSVERSETEMPORAL_change,0.06384174006014583,CTX_ROSTRALMIDDLEFRONTAL_change,0.06992807823680247,CTX_CUNEUS_change,0.07855987202958872,CTX_PARSORBITALIS_change,0.14142736803520287,CTX_PARAHIPPOCAMPAL_change,0.024967803218094987,CTX_PARSORBITALIS_change,0.0179795909715719,CTX_PRECENTRAL_change,,CTX_PARSOPERCULARIS_change,0.01865193819182651,CTX_ROSTRALMIDDLEFRONTAL_change,0.06232512924288846,CTX_ROSTRALMIDDLEFRONTAL_change,0.016254024220766407,CTX_POSTCENTRAL_change,0.06950577727453543,CEREBRAL_WHITE_MATTER_change,0.004374564733933062,CEREBRAL_WHITE_MATTER_change,0.0021935630943438
2,CTX_MEDIALORBITOFRONTAL_change,0.12051480361967126,CTX_LATERALOCCIPITAL_change,0.058051309842560635,CTX_PRECUNEUS_change,0.06042537552345761,CTX_MEDIALORBITOFRONTAL_change,0.0667474525948656,CTX_ENTORHINAL_change,0.06643104394046484,CTX_SUPERIORFRONTAL_change,0.13383108548585115,CTX_TRANSVERSETEMPORAL_change,0.024508745282205088,CTX_ENTORHINAL_change,0.017251601356201768,CTX_MEDIALORBITOFRONTAL_change,,CTX_BANKSSTS_change,0.018618295487481302,CTX_PRECUNEUS_change,0.05215425384662959,CTX_PARSTRIANGULARIS_change,0.012455601369464041,CTX_SUPERIORPARIETAL_change,0.06832022076007638,CTX_BANKSSTS_change,0.002248306655304092,CEREBELLUM_WHITE_MATTER_change,0.0013324061671644166
3,CTX_POSTCENTRAL_change,0.1117296573058523,CTX_INFERIORTEMPORAL_change,0.057175500040088346,CTX_BANKSSTS_change,0.058280795253857376,CTX_PARSOPERCULARIS_change,0.06421712250736818,CTX_LATERALOCCIPITAL_change,0.062485180241327085,PUTAMEN_change,0.12382637182716254,CTX_BANKSSTS_change,0.024398784228454734,CTX_ISTHMUSCINGULATE_change,0.017092765567003277,CTX_PARSORBITALIS_change,,CTX_ROSTRALANTERIORCINGULATE_change,0.018085105768329984,CTX_PARSTRIANGULARIS_change,0.05138830397071214,CTX_SUPERIORPARIETAL_change,0.011851441354281936,CTX_ROSTRALMIDDLEFRONTAL_change,0.06457600546657062,CTX_FRONTALPOLE_change,-0.0015629007104059126,CTX_POSTCENTRAL_change,0.0009698527136948836
4,CTX_LATERALORBITOFRONTAL_change,0.11124618601509248,CTX_ROSTRALMIDDLEFRONTAL_change,0.05542310821343657,CTX_LATERALORBITOFRONTAL_change,0.058236396682192555,CTX_PARSTRIANGULARIS_change,0.06253357148135034,CTX_CAUDALMIDDLEFRONTAL_change,0.054920936934769876,CTX_PARACENTRAL_change,0.12098299896013945,CTX_PARSTRIANGULARIS_change,0.02231809339476166,CTX_PERICALCARINE_change,0.016829388292424977,CAUDATE_change,,CTX_CAUDALANTERIORCINGULATE_change,0.016661338666889618,CTX_SUPERIORPARIETAL_change,0.05065440051230156,CTX_CAUDALMIDDLEFRONTAL_change,0.010251456248821733,CTX_SUPERIORFRONTAL_change,0.05958123586297579,CTX_PARACENTRAL_change,-0.0043798406525725215,CTX_SUPERIORPARIETAL_change,0.00017157514518530078
5,CTX_PERICALCARINE_change,0.11102373777574678,CTX_MIDDLETEMPORAL_change,0.05409362160001029,CTX_MEDIALORBITOFRONTAL_change,0.056397626829398466,CTX_ROSTRALANTERIORCINGULATE_change,0.05983098184132546,CTX_LINGUAL_change,0.05426768030242563,CTX_FUSIFORM_change,0.10544415971137679,CTX_LATERALORBITOFRONTAL_change,0.022066245883417063,CTX_PRECUNEUS_change,0.01667955441028948,CTX_LINGUAL_change,,CTX_ISTHMUSCINGULATE_change,0.01651208096851139,CTX_INFERIORPARIETAL_change,0.0494127290286398,CTX_LATERALOCCIPITAL_change,0.010049157284941372,CTX_PRECENTRAL_change,0.059031803051116424,PALLIDUM_change,-0.00494276732204466,CTX_SUPERIORTEMPORAL_change,-0.006556193018880827
6,CTX_CAUDALMIDDLEFRONTAL_change,0.10958246935278779,CTX_TRANSVERSETEMPORAL_change,0.05245699112937484,CTX_PARSORBITALIS_change,0.05542796793356778,CTX_CAUDALMIDDLEFRONTAL_change,0.04989303290026502,CTX_FUSIFORM_change,0.053808475004579304,CTX_LATERALORBITOFRONTAL_change,0.1022059412549749,CTX_MIDDLETEMPORAL_change,0.02046781669112802,CTX_INFERIORTEMPORAL_change,0.015790966604264132,THALAMUS_PROPER_change,,CTX_PRECUNEUS_change,0.015957597259714337,CTX_BANKSSTS_change,0.04875814116057672,CTX_SUPRAMARGINAL_change,0.00944252072187466,CTX_FRONTALPOLE_change,0.05688917613473856,VENTRALDC_change,-0.005518786220377427,CEREBELLUM_CORTEX_change,-0.006653793236801052
7,CTX_PRECENTRAL_change,0.10939518005682292,CTX_LATERALORBITOFRONTAL_change,0.052263508096134524,CTX_PERICALCARINE_change,0.05289100588714452,CTX_SUPERIORFRONTAL_change,0.046616918176418894,CTX_INFERIORTEMPORAL_change,0.05284812646664915,CTX_INFERIORTEMPORAL_change,0.10017614971554839,CTX_LATERALOCCIPITAL_change,0.01845157531972835,CTX_MEDIALORBITOFRONTAL_change,0.014928750330488683,CEREBELLUM_CORTEX_change,,CTX_FRONTALPOLE_change,0.015422752416053953,CTX_CAUDALMIDDLEFRONTAL_change,0.04850137624216634,CTX_PARSORBITALIS_change,0.009348850551128598,CTX_PERICALCARINE_change,0.05636793738210743,CTX_LATERALORBITOFRONTAL_change,-0.006367029627604039,AMYGDALA_change,-0.009573503471498407
8,CTX_PARSORBITALIS_change,0.10924246645275353,CTX_POSTCENTRAL_change,0.051408000313141196,CTX_PARSOPERCULARIS_change,0.051836178737969175,CTX_PRECUNEUS_change,0.043874456533501936,CTX_TRANSVERSETEMPORAL_change,0.05279132828042061,CTX_CAUDALMIDDLEFRONTAL_change,0.08105795166330106,CTX_INFERIORTEMPORAL_change,0.017455143518437157,CTX_FRONTALPOLE_change,0.014332596758012607,PALLIDUM_change,,CTX_PARAHIPPOCAMPAL_change,0.015219212872221223,CTX_POSTCENTRAL_change,0.04762715053613016,CTX_INFERIORPARIETAL_change,0.00896681763061409,CTX_INFERIORPARIETAL_change,0.055890492584353205,CTX_PERICALCARINE_change,-0.007279095712233036,CTX_CUNEUS_change,-0.010730902459428714
9,CTX_INFERIORPARIETAL_change,0.10635445854672128,CTX_CAUDALMIDDLEFRONTAL_change,0.050751782297376896,CTX_INFERIORTEMPORAL_change,0.05178578304124183,CTX_POSTERIORCINGULATE_change,0.04246004677025809,CTX_ROSTRALMIDDLEFRONTAL_change,0.05075097899149066,CTX_CAUDALANTERIORCINGULATE_change,0.08088820824721128,CTX_ENTORHINAL_change,0.016879298548067995,CTX_POSTERIORCINGULATE_change,0.01408765199202142,CTX_ISTHMUSCINGULATE_change,,CTX_SUPERIORTEMPORAL_change,0.014875812903556086,CTX_INFERIORTEMPORAL_change,0.04663229472027452,CTX_PRECENTRAL_change,0.00721569863812584,CTX_BANKSSTS_change,0.05524481497506169,BRAIN_STEM_change,-0.00818969238202682,CTX_LATERALOCCIPITAL_change,-0.010962008791984817
10,CTX_SUPERIORFRONTAL_change,0.10584253563108034,CTX_SUPRAMARGINAL_change,0.05031181787643573,CTX_PARSTRIANGULARIS_change,0.05100503031209066,CTX_ISTHMUSCINGULATE_change,0.03947528196699481,CTX_SUPERIORPARIETAL_change,0.050690962427404715,CTX_PERICALCARINE_change,0.08065888722929648,CTX_SUPERIORTEMPORAL_change,0.01683739365721807,CTX_ROSTRALMIDDLEFRONTAL_change,0.013933448615536179,AMYGDALA_change,,CTX_INSULA_change,0.013738980952061242,CTX_PARSORBITALIS_change,0.045423285840899545,CTX_SUPERIORFRONTAL_change,0.00701678853215974,CTX_SUPRAMARGINAL_change,0.054988618642327215,CTX_CUNEUS_change,-0.011059981221710128,HIPPOCAMPUS_change,-0.0115448423336332
11,CTX_TRANSVERSETEMPORAL_change,0.10542341344478241,CTX_INFERIORPARIETAL_change,0.04986034628208791,CTX_ISTHMUSCINGULATE_change,0.050163099840793014,CTX_SUPRAMARGINAL_change,0.0367980098522488,CTX_PRECENTRAL_change,0.048220096155058165,CTX_MIDDLETEMPORAL_change,0.07777274384454672,CTX_CUNEUS_change,0.016503869851304864,CTX_LATERALORBITOFRONTAL_change,0.013892415656489786,CTX_PARAHIPPOCAMPAL_change,,CTX_PERICALCARINE_change,0.013720151857776275,CTX_PARSOPERCULARIS_change,0.04479328113515584,CTX_ENTORHINAL_change,0.005798328730669184,CTX_MIDDLETEMPORAL_change,0.05326454499449035,CTX_FUSIFORM_change,-0.012994580278788968,VENTRALDC_change,-0.012204894699756667
12,CTX_SUPERIORPARIETAL_change,0.10472179651187244,CTX_PRECUNEUS_change,0.04932780282460206,CTX_ROSTRALMIDDLEFRONTAL_change,0.04929716160058818,CTX_INSULA_change,0.03678840123404544,CTX_SUPERIORFRONTAL_change,0.048035311950342434,CTX_MEDIALORBITOFRONTAL_change,0.07394831209345024,VENTRALDC_change,0.01481628228653767,CTX_PARSTRIANGULARIS_change,0.01372048031527028,CTX_INFERIORTEMPORAL_change,,CTX_LINGUAL_change,0.013516201115568501,CTX_SUPRAMARGINAL_change,0.0442527253832126,CTX_MIDDLETEMPORAL_change,0.005414420202957825,CTX_LINGUAL_change,0.05211003903589909,CTX_POSTERIORCINGULATE_change,-0.01299908386596217,CTX_PERICALCARINE_change,-0.012421522028238308
13,CTX_PARSOPERCULARIS_change,0.1042233557130265,CTX_LINGUAL_change,0.049314013869668855,CTX_SUPERIORTEMPORAL_change,0.0492739886197392,ACCUMBENS_AREA_change,0.03616239278314409,CTX_MIDDLETEMPORAL_change,0.04784434593723406,AMYGDALA_change,0.06927436804192535,AMYGDALA_change,0.014049285089776688,CTX_PARSOPERCULARIS_change,0.013505479426694408,CTX_LATERALOCCIPITAL_change,,CTX_ENTORHINAL_change,0.01303138975397753,CTX_LATERALOCCIPITAL_change,0.044237920850608105,CTX_POSTCENTRAL_change,0.004587042075232809,CTX_FUSIFORM_change,0.050640705382202215,CTX_INFERIORPARIETAL_change,-0.013373304210141391,CTX_POSTERIORCINGULATE_change,-0.012580686020588098
14,CTX_BANKSSTS_change,0.10083672485971311,CTX_SUPERIORPARIETAL_change,0.04853193471743867,CTX_MIDDLETEMPORAL_change,0.049003141332558835,CTX_PARSORBITALIS_change,0.03560728414945306,CTX_PARSOPERCULARIS_change,0.047795808222668046,CTX_ROSTRALMIDDLEFRONTAL_change,0.0673737055515174,CTX_FUSIFORM_change,0.014022741639355855,CTX_LINGUAL_change,0.013452753022311834,CTX_POSTCENTRAL_change,,VENTRALDC_change,0.011574006678505982,CTX_MIDDLETEMPORAL_change,0.04393392836278292,CTX_PARACENTRAL_change,0.0045400253670013335,CTX_SUPERIORTEMPORAL_change,0.05048416985100555,CTX_LATERALOCCIPITAL_change,-0.016189879035731033,CAUDATE_change,-0.012610565521371502
15,CTX_FRONTALPOLE_change,0.10056010412711727,CTX_BANKSSTS_change,0.048373090602774955,CTX_SUPERIORFRONTAL_change,0.04492615085241485,CTX_INFERIORPARIETAL_change,0.034627986358894976,CTX_BANKSSTS_change,0.04752268519449173,CTX_ENTORHINAL_change,0.06410849263444601,CTX_INFERIORPARIETAL_change,0.013092720690914305,CTX_SUPRAMARGINAL_change,0.013380779608142827,CTX_CUNEUS_change,,PALLIDUM_change,0.011515958555055394,CTX_PERICALCARINE_change,0.04350103498995797,CTX_CAUDALANTERIORCINGULATE_change,0.0044797660548430585,CTX_PARACENTRAL_change,0.04947002799446664,CTX_PRECUNEUS_change,-0.016860472568778612,CTX_LINGUAL_change,-0.014277645229834286
16,CTX_LATERALOCCIPITAL_change,0.09936762408834084,CTX_PARSTRIANGULARIS_change,0.04784941201699975,CTX_CAUDALANTERIORCINGULATE_change,0.043347599946761614,CTX_PARAHIPPOCAMPAL_change,0.032927196941565345,CTX_SUPERIORTEMPORAL_change,0.04651079080429457,CTX_CUNEUS_change,0.04905483264222957,CTX_PARSOPERCULARIS_change,0.011878712784217944,CTX_BANKSSTS_change,0.013159660815605219,CTX_PARSTRIANGULARIS_change,,CTX_SUPRAMARGINAL_change,0.011395435015228982,CTX_TRANSVERSETEMPORAL_change,0.042511944465547305,CTX_POSTERIORCINGULATE_change,0.004145693231345538,CTX_LATERALOCCIPITAL_change,0.04901085195910531,PUTAMEN_change,-0.01719182043903537,CTX_ROSTRALMIDDLEFRONTAL_change,-0.015245501252609196
17,CTX_SUPRAMARGINAL_change,0.09888507628786429,CTX_ENTORHINAL_change,0.04656309091625993,CTX_FUSIFORM_change,0.04316933731534594,CTX_SUPERIORPARIETAL_change,0.03283412331810558,CTX_PRECUNEUS_change,0.046179489584500355,CTX_LATERALOCCIPITAL_change,0.04817936722169528,CTX_FRONTALPOLE_change,0.011237954808502443,CTX_MIDDLETEMPORAL_change,0.01285208064261222,CTX_INSULA_change,,CTX_MEDIALORBITOFRONTAL_change,0.011388989894508249,CTX_LATERALORBITOFRONTAL_change,0.041229337238026936,CTX_PRECUNEUS_change,0.00346149094385092,CTX_PRECUNEUS_change,0.0482570718091557,CTX_MIDDLETEMPORAL_change,-0.017266896494516952,PALLIDUM_change,-0.015911112933608376
18,CTX_MIDDLETEMPORAL_change,0.09484392873904744,CTX_PARSORBITALIS_change,0.046484102111535204,CTX_INFERIORPARIETAL_change,0.043105283337616866,CTX_LATERALORBITOFRONTAL_change,0.029425458206048093,CTX_PARAHIPPOCAMPAL_change,0.04522867943514716,CTX_PRECENTRAL_change,0.04365675363781994,CTX_INSULA_change,0.010088683145763569,CTX_LATERALOCCIPITAL_change,0.012420931590672972,CTX_CAUDALMIDDLEFRONTAL_change,,CTX_ROSTRALMIDDLEFRONTAL_change,0.011170161187270282,CTX_SUPERIORTEMPORAL_change,0.04112647774678805,CTX_LATERALORBITOFRONTAL_change,0.003215082609756555,CTX_PARSTRIANGULARIS_change,0.04813166286646206,CEREBELLUM_CORTEX_change,-0.01840298726147419,CTX_CAUDALMIDDLEFRONTAL_change,-0.01627592825991856
19,CTX_INFERIORTEMPORAL_change,0.09134805413106026,CTX_ISTHMUSCINGULATE_change,0.04606940439393659,CTX_ROSTRALANTERIORCINGULATE_change,0.043050466761379795,AMYGDALA_change,0.02803197141669668,CTX_POSTCENTRAL_change,0.04406538026309083,CTX_POSTCENTRAL_change,0.04121318538322975,HIPPOCAMPUS_change,0.010072465856556198,CTX_INFERIORPARIETAL_change,0.012329837689068892,CTX_ENTORHINAL_change,,CTX_INFERIORPARIETAL_change,0.011105777929627436,CTX_PARACENTRAL_change,0.04107340535371025,CTX_INFERIORTEMPORAL_change,0.002240649645486296,CTX_INFERIORTEMPORAL_change,0.047405191710205796,CTX_INFERIORTEMPORAL_change,-0.019503767533720216,BRAIN_STEM_change,-0.01637285612818392
20,CTX_CUNEUS_change,0.09060787530488958,CTX_SUPERIORTEMPORAL_change,0.045301182622297015,CTX_POSTERIORCINGULATE_change,0.0426999650710277,CTX_BANKSSTS_change,0.027866329214598855,CTX_POSTERIORCINGULATE_change,0.04230494349363007,CTX_INSULA_change,0.039582412205786496,CTX_MEDIALORBITOFRONTAL_change,0.007310414506626179,CTX_ROSTRALANTERIORCINGULATE_change,0.012198865715805099,CTX_SUPERIORTEMPORAL_change,,CAUDATE_change,0.011038527927950795,CTX_POSTERIORCINGULATE_change,0.04057026882881935,CAUDATE_change,0.0022151283277279696,CTX_TRANSVERSETEMPORAL_change,0.046654606489441634,CTX_PARSOPERCULARIS_change,-0.019711536015884528,CTX_INFERIORPARIETAL_change,-0.01644594036978636
21,CTX_SUPERIORTEMPORAL_change,0.08963345218717997,CTX_PRECENTRAL_change,0.04485132656884325,CTX_CAUDALMIDDLEFRONTAL_change,0.04178406506662408,CTX_TEMPORALPOLE_change,0.0239361080761229,CTX_CAUDALANTERIORCINGULATE_change,0.04178585089751699,CTX_TEMPORALPOLE_change,0.03760022453485292,CTX_ROSTRALMIDDLEFRONTAL_change,0.006970676759819402,CTX_PARACENTRAL_change,0.011246517477327841,CTX_INFERIORPARIETAL_change,,CTX_CUNEUS_change,0.010664896036210705,CTX_SUPERIORFRONTAL_change,0.0399050739809042,CTX_CUNEUS_change,0.001572893872004051,CTX_PARSOPERCULARIS_change,0.04539447866247635,THALAMUS_PROPER_change,-0.020507011076534576,CTX_SUPERIORFRONTAL_change,-0.016688500025439652
22,CTX_TEMPORALPOLE_change,0.08600865256705167,CTX_PARSOPERCULARIS_change,0.04379640693505534,CTX_SUPRAMARGINAL_change,0.04137932876640386,CTX_MIDDLETEMPORAL_change,0.02293857221521494,CTX_INFERIORPARIETAL_change,0.041614804518737836,CTX_POSTERIORCINGULATE_change,0.03553042503572595,CTX_SUPRAMARGINAL_change,0.006057339904758047,CTX_INSULA_change,0.011109226116115463,PUTAMEN_change,,CTX_POSTERIORCINGULATE_change,0.010226856479514268,CTX_MEDIALORBITOFRONTAL_change,0.03771082564974185,CTX_PARSOPERCULARIS_change,0.0015529670215297124,CTX_PARAHIPPOCAMPAL_change,0.04207502545631306,CTX_ENTORHINAL_change,-0.020874173088112603,CTX_MIDDLETEMPORAL_change,-0.017587693175350024
23,CTX_PARACENTRAL_change,0.08405477796889707,CTX_PARACENTRAL_change,0.04336042155336901,CTX_LINGUAL_change,0.040609219698834256,CTX_CAUDALANTERIORCINGULATE_change,0.02185821504447493,CTX_TEMPORALPOLE_change,0.04142253887947549,CTX_PARSOPERCULARIS_change,0.0325112398914719,CTX_SUPERIORPARIETAL_change,0.006002606335500612,CTX_POSTCENTRAL_change,0.011008982275335383,VENTRALDC_change,,CTX_FUSIFORM_change,0.008585095751308745,CTX_FUSIFORM_change,0.0365485499882707,CEREBRAL_WHITE_MATTER_change,0.0008488114057484953,CTX_POSTERIORCINGULATE_change,0.04202986986461546,AMYGDALA_change,-0.022710113011950965,CTX_TRANSVERSETEMPORAL_change,-0.017874311304506958
24,ACCUMBENS_AREA_change,0.08235553394981603,CTX_CUNEUS_change,0.043134185970596796,CTX_INSULA_change,0.04037816431159204,CTX_INFERIORTEMPORAL_change,0.021378356424552176,CTX_SUPRAMARGINAL_change,0.04091637446232492,CTX_ISTHMUSCINGULATE_change,0.03162116540128244,BRAIN_STEM_change,0.005337580246320343,CTX_FUSIFORM_change,0.010679764545729364,CTX_ROSTRALMIDDLEFRONTAL_change,,PUTAMEN_change,0.007898983444552875,CTX_PRECENTRAL_change,0.03646804493331329,CTX_ROSTRALANTERIORCINGULATE_change,0.0004404117257274566,CTX_MEDIALORBITOFRONTAL_change,0.03910487336454345,CTX_ROSTRALANTERIORCINGULATE_change,-0.02275663058199373,CTX_ENTORHINAL_change,-0.019068107346629934
25,CTX_PRECUNEUS_change,0.08226696434029959,CTX_MEDIALORBITOFRONTAL_change,0.04308068407042314,CTX_POSTCENTRAL_change,0.03906547183599905,PUTAMEN_change,0.021290524371983133,CTX_PARSTRIANGULARIS_change,0.03983709818508296,HIPPOCAMPUS_change,0.024012873038886624,CEREBELLUM_WHITE_MATTER_change,0.004215720443846541,CTX_SUPERIORPARIETAL_change,0.010470229622038165,CTX_PERICALCARINE_change,,CTX_MIDDLETEMPORAL_change,0.007803903743232567,CTX_ISTHMUSCINGULATE_change,0.03530941966006,CTX_MEDIALORBITOFRONTAL_change,0.00043213755090016785,CTX_TEMPORALPOLE_change,0.03696570788247908,HIPPOCAMPUS_change,-0.02426007389532631,CTX_TEMPORALPOLE_change,-0.02001925118869622
26,CTX_LINGUAL_change,0.07983041510420127,CTX_FUSIFORM_change,0.0429944233698053,CTX_LATERALOCCIPITAL_change,0.037741527643936894,THALAMUS_PROPER_change,0.020519801157441522,CTX_PARSORBITALIS_change,0.03816710894068306,CEREBELLUM_CORTEX_change,0.02376972260823296,CTX_PRECUNEUS_change,0.004093802113939333,CTX_CAUDALMIDDLEFRONTAL_change,0.009469998655661767,CEREBELLUM_WHITE_MATTER_change,,CEREBELLUM_WHITE_MATTER_change,0.007699345947719373,CTX_TEMPORALPOLE_change,0.034769556165521284,BRAIN_STEM_change,0.0004056610960879905,CTX_CUNEUS_change,0.03282340123672042,CTX_LINGUAL_change,-0.02436651442259549,CTX_BANKSSTS_change,-0.020330626052483886
27,CTX_FUSIFORM_change,0.07526816762243646,CTX_SUPERIORFRONTAL_change,0.04188286214667024,CTX_PARACENTRAL_change,0.036724758715464365,PALLIDUM_change,0.02032384190609612,CTX_PARACENTRAL_change,0.03683424731660845,CTX_SUPERIORTEMPORAL_change,0.022614670575332816,CTX_TEMPORALPOLE_change,0.003282397471367189,CTX_PARAHIPPOCAMPAL_change,0.009436239790253579,CTX_SUPRAMARGINAL_change,,AMYGDALA_change,0.007562197643598787,CTX_ENTORHINAL_change,0.03465423819418459,CTX_BANKSSTS_change,0.0003689301139766486,CTX_ROSTRALANTERIORCINGULATE_change,0.03218113089188457,CTX_CAUDALMIDDLEFRONTAL_change,-0.024849941738041188,CTX_SUPRAMARGINAL_change,-0.0205055280325918
28,CTX_ROSTRALANTERIORCINGULATE_change,0.07438228257730198,CTX_POSTERIORCINGULATE_change,0.03997464674630543,ACCUMBENS_AREA_change,0.03605708538760129,VENTRALDC_change,0.01704797180396335,CTX_ROSTRALANTERIORCINGULATE_change,0.034351818417461225,CTX_BANKSSTS_change,0.005959047720323895,THALAMUS_PROPER_change,0.0031717723064592345,CTX_CAUDALANTERIORCINGULATE_change,0.00941924774314655,CTX_ROSTRALANTERIORCINGULATE_change,,CTX_PARSTRIANGULARIS_change,0.0073044709224097506,CTX_ROSTRALANTERIORCINGULATE_change,0.03353364142170403,CTX_PARAHIPPOCAMPAL_change,0.00033814889520901486,CTX_CAUDALANTERIORCINGULATE_change,0.03151453552100127,CTX_SUPERIORFRONTAL_change,-0.024852460626760255,CTX_ROSTRALANTERIORCINGULATE_change,-0.022528491173500646
29,CTX_CAUDALANTERIORCINGULATE_change,0.07277636900938524,CTX_CAUDALANTERIORCINGULATE_change,0.03761252189008543,CTX_SUPERIORPARIETAL_change,0.0357548759993524,CTX_SUPERIORTEMPORAL_change,0.015384268979720476,ACCUMBENS_AREA_change,0.033120471413677494,VENTRALDC_change,0.0010813169382697001,CTX_ROSTRALANTERIORCINGULATE_change,0.0007489960800958638,VENTRALDC_change,0.009185033345277325,CTX_PARACENTRAL_change,,ACCUMBENS_AREA_change,0.007047077283111925,CTX_LINGUAL_change,0.031151506469685272,CEREBELLUM_WHITE_MATTER_change,0.00032949080952699756,CTX_ISTHMUSCINGULATE_change,0.031160303988470157,CTX_INSULA_change,-0.02685089953422498,CTX_PARACENTRAL_change,-0.02439722238472595
30,CTX_POSTERIORCINGULATE_change,0.07073866925607021,CTX_TEMPORALPOLE_change,0.03539688123245116,CTX_CUNEUS_change,0.035543730150669736,CTX_ENTORHINAL_change,0.011285965478106518,CTX_INSULA_change,0.03155907462143013,CEREBRAL_WHITE_MATTER_change,-0.003313280170651066,CAUDATE_change,0.000459502633836212,CTX_SUPERIORFRONTAL_change,0.008877037272034403,CTX_TRANSVERSETEMPORAL_change,,HIPPOCAMPUS_change,0.006661050486972471,CTX_CUNEUS_change,0.028712077354928103,CTX_INSULA_change,0.0003096834854585772,CTX_ENTORHINAL_change,0.030561886530940413,CTX_MEDIALORBITOFRONTAL_change,-0.028103217607426446,ACCUMBENS_AREA_change,-0.026141421436529033
31,CTX_ENTORHINAL_change,0.06857406908181893,CTX_INSULA_change,0.033596331166213356,CTX_PARAHIPPOCAMPAL_change,0.03301801819690426,CEREBELLUM_WHITE_MATTER_change,0.011256316772574212,AMYGDALA_change,0.031507335205728,CTX_SUPRAMARGINAL_change,-0.0036332588288399146,CEREBELLUM_CORTEX_change,0.0003781847457506018,CTX_PRECENTRAL_change,0.007886860622506245,CTX_MIDDLETEMPORAL_change,,CTX_LATERALOCCIPITAL_change,0.006082691367889976,CTX_PARAHIPPOCAMPAL_change,0.028440516914738142,CTX_SUPERIORTEMPORAL_change,-0.0005360476354126017,CTX_INSULA_change,0.028808886739832208,ACCUMBENS_AREA_change,-0.02842791318942375,CTX_INFERIORTEMPORAL_change,-0.02758511706674503
32,CTX_PARAHIPPOCAMPAL_change,0.06388129511910089,AMYGDALA_change,0.03302161137670741,CTX_ENTORHINAL_change,0.03157144955784604,CTX_TRANSVERSETEMPORAL_change,0.010310760073045926,CTX_LATERALORBITOFRONTAL_change,0.031504238986701454,CTX_PARSTRIANGULARIS_change,-0.005330480347248109,CEREBRAL_WHITE_MATTER_change,6.832002063917339e-05,CTX_TRANSVERSETEMPORAL_change,0.007821644197361668,CTX_TEMPORALPOLE_change,,CTX_SUPERIORPARIETAL_change,0.006042492150870182,CTX_CAUDALANTERIORCINGULATE_change,0.027530053459708256,HIPPOCAMPUS_change,-0.002232032208398627,CTX_PARSORBITALIS_change,0.02729527429864233,CTX_PARSTRIANGULARIS_change,-0.029193237871353916,CTX_LATERALORBITOFRONTAL_change,-0.028348753625046408
33,PUTAMEN_change,0.06230335966687335,CTX_PARAHIPPOCAMPAL_change,0.03215822588783033,CTX_TEMPORALPOLE_change,0.030997395124179518,CTX_PRECENTRAL_change,0.00954111109425101,CTX_ISTHMUSCINGULATE_change,0.03001937604145592,ACCUMBENS_AREA_change,-0.0068619591770761245,ACCUMBENS_AREA_change,-0.00010567013365422362,CTX_SUPERIORTEMPORAL_change,0.006496804247139273,CTX_FUSIFORM_change,,CTX_SUPERIORFRONTAL_change,0.005453926155423963,CTX_INSULA_change,0.02610908514462941,CTX_TEMPORALPOLE_change,-0.002689935091987963,CTX_LATERALORBITOFRONTAL_change,0.026217185962538917,CTX_ROSTRALMIDDLEFRONTAL_change,-0.029250355723660082,CTX_FUSIFORM_change,-0.030208884645313704
34,CTX_ISTHMUSCINGULATE_change,0.06025457504142462,CTX_ROSTRALANTERIORCINGULATE_change,0.031199713386746188,CTX_PRECENTRAL_change,0.030360691855514203,CTX_FUSIFORM_change,0.009093444741914442,CTX_MEDIALORBITOFRONTAL_change,0.028900181824049114,CTX_PARAHIPPOCAMPAL_change,-0.00799119976899976,CTX_ISTHMUSCINGULATE_change,-0.0006105636538653803,CTX_TEMPORALPOLE_change,0.006214850628240449,CTX_SUPERIORPARIETAL_change,,CTX_CAUDALMIDDLEFRONTAL_change,0.004788085189687916,AMYGDALA_change,0.02366237591226751,CEREBELLUM_CORTEX_change,-0.0026961333441337548,CAUDATE_change,0.02482843597780741,CTX_SUPERIORPARIETAL_change,-0.03501898389076851,CTX_PARSTRIANGULARIS_change,-0.030332457084521723
35,AMYGDALA_change,0.05424106669733388,HIPPOCAMPUS_change,0.027617830105093565,CAUDATE_change,0.02886711979966234,CAUDATE_change,0.007485757435030991,CTX_FRONTALPOLE_change,0.025219290901707037,BRAIN_STEM_change,-0.011546249007925252,PUTAMEN_change,-0.0016683652791964823,HIPPOCAMPUS_change,0.006038114942624732,CTX_LATERALORBITOFRONTAL_change,,CTX_LATERALORBITOFRONTAL_change,0.0035648967798038887,ACCUMBENS_AREA_change,0.01763175648702044,CTX_LINGUAL_change,-0.002931817571485366,AMYGDALA_change,0.021736952528517536,CTX_SUPRAMARGINAL_change,-0.03516978834171421,CTX_PARAHIPPOCAMPAL_change,-0.030802895744968906
36,CTX_INSULA_change,0.05395190211354993,CAUDATE_change,0.022144294271235668,PUTAMEN_change,0.024476383701843626,HIPPOCAMPUS_change,0.006621653695846404,CAUDATE_change,0.021120606033548962,CAUDATE_change,-0.023297321064496793,CTX_LINGUAL_change,-0.001830023885882354,AMYGDALA_change,0.005764317134154282,CTX_PARSOPERCULARIS_change,,THALAMUS_PROPER_change,0.0029221218908972928,PUTAMEN_change,0.016923738406736742,CTX_ISTHMUSCINGULATE_change,-0.0030377739942863274,PUTAMEN_change,0.016859707835989605,CTX_PARAHIPPOCAMPAL_change,-0.03793979880018133,PUTAMEN_change,-0.031080559635531375
37,VENTRALDC_change,0.05061265731529765,ACCUMBENS_AREA_change,0.019586516654882397,AMYGDALA_change,0.02332765847128112,CTX_POSTCENTRAL_change,0.005567690835639351,HIPPOCAMPUS_change,0.0176039324677363,CTX_SUPERIORPARIETAL_change,-0.024252199022790986,CTX_CAUDALMIDDLEFRONTAL_change,-0.0028908498382556893,PALLIDUM_change,0.005489120210799215,HIPPOCAMPUS_change,,CTX_POSTCENTRAL_change,0.002753318811946285,CAUDATE_change,0.013072261729042172,VENTRALDC_change,-0.0035856584572029966,HIPPOCAMPUS_change,0.014897389710254626,CTX_PRECENTRAL_change,-0.038470968260831566,CTX_INSULA_change,-0.03298180886398685
38,CAUDATE_change,0.04741406356726748,PUTAMEN_change,0.01845214015522931,VENTRALDC_change,0.018209466295324335,BRAIN_STEM_change,0.004218374374221039,PUTAMEN_change,0.016550715566389415,CTX_FRONTALPOLE_change,-0.027482558300660508,CTX_POSTCENTRAL_change,-0.003386018523522707,CAUDATE_change,0.005362197558375419,CEREBRAL_WHITE_MATTER_change,,CTX_PRECENTRAL_change,0.00141959824041678,HIPPOCAMPUS_change,0.008997980230847736,THALAMUS_PROPER_change,-0.0037040666386676073,ACCUMBENS_AREA_change,0.01463559079835425,CTX_POSTCENTRAL_change,-0.042766334486969315,CTX_PARSORBITALIS_change,-0.0334751842898423
39,THALAMUS_PROPER_change,0.04055290708866879,THALAMUS_PROPER_change,0.014870473836304101,THALAMUS_PROPER_change,0.016824256247075238,CTX_PARACENTRAL_change,0.003956016363705941,VENTRALDC_change,0.011673972040606433,CTX_TRANSVERSETEMPORAL_change,-0.0315235062566199,CTX_POSTERIORCINGULATE_change,-0.004093360713307608,CEREBELLUM_WHITE_MATTER_change,0.004606084444950163,BRAIN_STEM_change,,BRAIN_STEM_change,0.0012129786371141672,CEREBELLUM_WHITE_MATTER_change,0.007703411567091515,CTX_PERICALCARINE_change,-0.004092022375173417,CEREBELLUM_CORTEX_change,0.009971910624287029,CAUDATE_change,-0.0452692918318439,CTX_CAUDALANTERIORCINGULATE_change,-0.03408365337377808
40,PALLIDUM_change,0.03939084229450571,VENTRALDC_change,0.011357022470863506,HIPPOCAMPUS_change,0.015599553545829805,CEREBRAL_WHITE_MATTER_change,0.00034669607868428946,BRAIN_STEM_change,0.010459249049540799,THALAMUS_PROPER_change,-0.032869840038626405,CTX_PRECENTRAL_change,-0.004183122270795776,THALAMUS_PROPER_change,0.003688599711446321,ACCUMBENS_AREA_change,,CEREBRAL_WHITE_MATTER_change,0.0006457781145671578,THALAMUS_PROPER_change,0.007522267634268053,PALLIDUM_change,-0.005298106920409206,THALAMUS_PROPER_change,0.007014016351841666,CTX_ISTHMUSCINGULATE_change,-0.04541151884240413,CTX_ISTHMUSCINGULATE_change,-0.037314364073888405
41,HIPPOCAMPUS_change,0.03706362625309041,PALLIDUM_change,0.0108997308385657,BRAIN_STEM_change,0.01119671532269825,CEREBELLUM_CORTEX_change,-0.006212320531979954,THALAMUS_PROPER_change,0.010211057036974218,CTX_PRECUNEUS_change,-0.03612169063634216,CTX_SUPERIORFRONTAL_change,-0.004628349143551433,CEREBELLUM_CORTEX_change,0.0035452724121469294,CTX_POSTERIORCINGULATE_change,,CTX_INFERIORTEMPORAL_change,0.00040494769828584523,VENTRALDC_change,0.00435481832865242,CTX_FUSIFORM_change,-0.005534688710869422,VENTRALDC_change,0.00369534463967949,CTX_CAUDALANTERIORCINGULATE_change,-0.04734909076858351,THALAMUS_PROPER_change,-0.042090919992068564
42,BRAIN_STEM_change,0.029017737313074547,CEREBELLUM_CORTEX_change,0.007376412984764044,CEREBELLUM_CORTEX_change,0.00889207808395054,CTX_LINGUAL_change,-0.010067445440463884,CEREBELLUM_WHITE_MATTER_change,0.00865944213605087,CEREBELLUM_WHITE_MATTER_change,-0.04317622777864259,CTX_CAUDALANTERIORCINGULATE_change,-0.004736290833342388,PUTAMEN_change,0.0033569364802386696,CTX_FRONTALPOLE_change,,CEREBELLUM_CORTEX_change,-0.0019629736956196277,BRAIN_STEM_change,0.0023903175326096472,PUTAMEN_change,-0.005782056838261346,CEREBELLUM_WHITE_MATTER_change,0.000776128902942424,CTX_TEMPORALPOLE_change,-0.04779122350675668,CTX_PARSOPERCULARIS_change,-0.0427621682398655
43,CEREBELLUM_CORTEX_change,0.026560521859474225,BRAIN_STEM_change,0.005245172245198711,CEREBELLUM_WHITE_MATTER_change,0.007270701384507155,CTX_LATERALOCCIPITAL_change,-0.013670286379363626,CEREBELLUM_CORTEX_change,0.00829880158481897,PALLIDUM_change,-0.04507274107617841,CTX_PERICALCARINE_change,-0.006474301907045038,ACCUMBENS_AREA_change,0.0032190551988498742,CTX_PRECUNEUS_change,,CTX_PARACENTRAL_change,-0.002824033875344034,CEREBELLUM_CORTEX_change,0.000984168186026565,CTX_TRANSVERSETEMPORAL_change,-0.006454722050344247,BRAIN_STEM_change,-0.0013244166980750209,CTX_PARSORBITALIS_change,-0.047967186493621985,CTX_MEDIALORBITOFRONTAL_change,-0.04393591942936732
44,CEREBELLUM_WHITE_MATTER_change,0.02022760878658075,CEREBELLUM_WHITE_MATTER_change,0.004029293796031763,PALLIDUM_change,0.003091660838288413,CTX_CUNEUS_change,-0.019754322426916403,PALLIDUM_change,5.794034674076357e-05,CTX_INFERIORPARIETAL_change,-0.04852210380645351,PALLIDUM_change,-0.008278084958885356,BRAIN_STEM_change,0.0025979653245969342,CTX_SUPERIORFRONTAL_change,,CTX_TEMPORALPOLE_change,-0.004262392801031893,PALLIDUM_change,3.445049899311434e-05,ACCUMBENS_AREA_change,-0.006621177838148738,CEREBRAL_WHITE_MATTER_change,-0.0014256626479002548,CTX_TRANSVERSETEMPORAL_change,-0.04934288507544049,CTX_PRECUNEUS_change,-0.04650405647780903
45,CEREBRAL_WHITE_MATTER_change,-0.008038908311073848,CEREBRAL_WHITE_MATTER_change,-0.0017804948992087327,CEREBRAL_WHITE_MATTER_change,-0.0023545759469896206,CTX_PERICALCARINE_change,-0.02587299497953181,CEREBRAL_WHITE_MATTER_change,-0.0024627894762530057,CTX_ROSTRALANTERIORCINGULATE_change,-0.059266072201211696,CTX_PARACENTRAL_change,-0.019089663121085815,CEREBRAL_WHITE_MATTER_change,-0.0008432167827422137,CTX_CAUDALANTERIORCINGULATE_change,,CTX_PARSORBITALIS_change,-0.005880457971751487,CEREBRAL_WHITE_MATTER_change,-0.00015434939162197147,AMYGDALA_change,-0.006686557575768477,PALLIDUM_change,-0.005015162040133619,CTX_SUPERIORTEMPORAL_change,-0.05150206062089925,CTX_FRONTALPOLE_change,-0.04974901906379196
